{"data_time": 0.0021761150019301567, "eta_seconds": 532.3027532946435, "fast_rcnn/cls_accuracy": 0.162109375, "fast_rcnn/false_negative": 0.32456140350877194, "fast_rcnn/fg_cls_accuracy": 0.08785860655737704, "iteration": 19, "loss_box_reg": 0.7650138735771179, "loss_cls": 1.9385812878608704, "loss_mask": 0.6901721954345703, "loss_rpn_cls": 0.09758428856730461, "loss_rpn_loc": 0.024356042966246605, "lr": 4.99525e-06, "mask_rcnn/accuracy": 0.7593440320839875, "mask_rcnn/false_negative": 0.3786816271840146, "mask_rcnn/false_positive": 0.04378981125331542, "rank_data_time": 0.0021761150019301567, "roi_head/num_bg_samples": 100.75, "roi_head/num_fg_samples": 27.25, "rpn/num_neg_anchors": 239.0, "rpn/num_pos_anchors": 17.0, "time": 0.1786250849982025, "total_loss": 3.595124088227749}
{"data_time": 0.0020602530021278653, "eta_seconds": 557.3918992699328, "fast_rcnn/cls_accuracy": 0.671875, "fast_rcnn/false_negative": 0.5733762254901961, "fast_rcnn/fg_cls_accuracy": 0.03684922244759973, "iteration": 19, "loss_box_reg": 0.6532222032546997, "loss_cls": 1.666491985321045, "loss_mask": 0.691686362028122, "loss_rpn_cls": 0.13972624763846397, "loss_rpn_loc": 0.024031749926507473, "lr": 4.99525e-06, "mask_rcnn/accuracy": 0.6139238157547502, "mask_rcnn/false_negative": 0.11262018600241744, "mask_rcnn/false_positive": 0.7028986592368283, "rank_data_time": 0.0020602530021278653, "roi_head/num_bg_samples": 103.25, "roi_head/num_fg_samples": 24.75, "rpn/num_neg_anchors": 241.0, "rpn/num_pos_anchors": 15.0, "time": 0.18704426149997744, "total_loss": 3.2175226295366883}
{"data_time": 0.0021133085028850473, "eta_seconds": 550.3201541528688, "fast_rcnn/cls_accuracy": 0.740234375, "fast_rcnn/false_negative": 0.8399359743897559, "fast_rcnn/fg_cls_accuracy": 0.0, "iteration": 39, "loss_box_reg": 0.8200053572654724, "loss_cls": 1.5775514841079712, "loss_mask": 0.6897440552711487, "loss_rpn_cls": 0.06375566869974136, "loss_rpn_loc": 0.021331381052732468, "lr": 9.99025e-06, "mask_rcnn/accuracy": 0.6601488095238095, "mask_rcnn/false_negative": 0.16091765733263855, "mask_rcnn/false_positive": 0.5543778036998475, "rank_data_time": 0.0021133085028850473, "roi_head/num_bg_samples": 100.5, "roi_head/num_fg_samples": 27.5, "rpn/num_neg_anchors": 241.75, "rpn/num_pos_anchors": 14.25, "time": 0.18507671049883356, "total_loss": 3.1970857745036483}
{"data_time": 0.0021003260008001234, "eta_seconds": 540.9732829298446, "fast_rcnn/cls_accuracy": 0.771484375, "fast_rcnn/false_negative": 1.0, "fast_rcnn/fg_cls_accuracy": 0.0, "iteration": 59, "loss_box_reg": 0.7885403335094452, "loss_cls": 1.350779950618744, "loss_mask": 0.6842257976531982, "loss_rpn_cls": 0.08889671415090561, "loss_rpn_loc": 0.02973069902509451, "lr": 1.4985249999999999e-05, "mask_rcnn/accuracy": 0.7845266058821785, "mask_rcnn/false_negative": 0.1907668282291772, "mask_rcnn/false_positive": 0.16957774240642032, "rank_data_time": 0.0021003260008001234, "roi_head/num_bg_samples": 99.25, "roi_head/num_fg_samples": 28.75, "rpn/num_neg_anchors": 239.0, "rpn/num_pos_anchors": 17.0, "time": 0.18002495199834812, "total_loss": 3.042715886607766}
{"data_time": 0.00227840799925616, "eta_seconds": 528.1546583623276, "fast_rcnn/cls_accuracy": 0.830078125, "fast_rcnn/false_negative": 1.0, "fast_rcnn/fg_cls_accuracy": 0.0, "iteration": 79, "loss_box_reg": 0.6554119884967804, "loss_cls": 1.0520950555801392, "loss_mask": 0.6752950251102448, "loss_rpn_cls": 0.05426197312772274, "loss_rpn_loc": 0.013958259485661983, "lr": 1.9980250000000002e-05, "mask_rcnn/accuracy": 0.8589238607374767, "mask_rcnn/false_negative": 0.1305042159917867, "mask_rcnn/false_positive": 0.11932241907323082, "rank_data_time": 0.00227840799925616, "roi_head/num_bg_samples": 106.25, "roi_head/num_fg_samples": 21.75, "rpn/num_neg_anchors": 247.75, "rpn/num_pos_anchors": 8.25, "time": 0.1748132614993665, "total_loss": 2.457887756638229}
{"data_time": 0.002250687495688908, "eta_seconds": 527.1964838950225, "fast_rcnn/cls_accuracy": 0.798828125, "fast_rcnn/false_negative": 1.0, "fast_rcnn/fg_cls_accuracy": 0.0, "iteration": 99, "loss_box_reg": 0.7646821737289429, "loss_cls": 0.8979470729827881, "loss_mask": 0.664202868938446, "loss_rpn_cls": 0.07547645643353462, "loss_rpn_loc": 0.015529355965554714, "lr": 2.497525e-05, "mask_rcnn/accuracy": 0.8891816595059077, "mask_rcnn/false_negative": 0.09070653370977753, "mask_rcnn/false_positive": 0.12566582814137892, "rank_data_time": 0.002250687495688908, "roi_head/num_bg_samples": 102.25, "roi_head/num_fg_samples": 25.75, "rpn/num_neg_anchors": 245.0, "rpn/num_pos_anchors": 11.0, "time": 0.18330419749690918, "total_loss": 2.354458365123719}
{"eta_seconds": 525.7030722953787, "fast_rcnn/cls_accuracy": 0.80859375, "fast_rcnn/false_negative": 1.0, "fast_rcnn/fg_cls_accuracy": 0.0, "iteration": 117, "mask_rcnn/accuracy": 0.893295599489796, "mask_rcnn/false_negative": 0.07936716052620078, "mask_rcnn/false_positive": 0.15428241348527016, "roi_head/num_bg_samples": 103.5, "roi_head/num_fg_samples": 24.5, "rpn/num_neg_anchors": 243.5, "rpn/num_pos_anchors": 12.5}
{"data_time": 0.002200841496232897, "iteration": 116, "loss_box_reg": 0.7019941806793213, "loss_cls": 0.8233369886875153, "loss_mask": 0.6530339419841766, "loss_rpn_cls": 0.07846508175134659, "loss_rpn_loc": 0.016908744350075722, "lr": 2.9221e-05, "rank_data_time": 0.002200841496232897, "time": 0.1835971194996091, "total_loss": 2.221918105147779}
